{"@context":"http://greendelta.github.io/olca-schema/context.jsonld","@type":"Category","@id":"090f092f-2d78-3809-91d0-ffc7ebc92518","name":"3821:Treatment and disposal of non-hazardous waste","description":"ISIC rev.4 ecoinvent","version":"00.00.000","category":{"@type":"Category","@id":"34aa8d7e-65f0-3dbb-a10c-b46368b1f9ba","name":"382:Waste treatment and disposal","categoryPath":["E:Water supply; sewerage, waste management and remediation activities","38:Waste collection, treatment and disposal activities; materials recovery"],"categoryType":"Process"},"modelType":"PROCESS"}