{"@context":"http://greendelta.github.io/olca-schema/context.jsonld","@type":"Flow","@id":"075e433b-4be4-448e-9510-9a5029c1ce94","name":"Water","description":"EcoSpold 2 elementary exchange, ID \u003d 075e433b-4be4-448e-9510-9a5029c1ce94","version":"00.00.000","category":{"@type":"Category","@id":"5ee13ccb-a299-3d36-8d7e-be8281e8891a","name":"unspecified","categoryPath":["Elementary flows","Emission to air"],"categoryType":"Flow"},"flowType":"ELEMENTARY_FLOW","infrastructureFlow":false,"flowProperties":[{"@type":"FlowPropertyFactor","referenceFlowProperty":true,"flowProperty":{"@type":"FlowProperty","@id":"93a60a56-a3c8-22da-a746-0800200c9a66","name":"Volume","categoryPath":["Technical flow properties"]},"conversionFactor":1.0}]}