{"@context":"http://greendelta.github.io/olca-schema/context.jsonld","@type":"Flow","@id":"077b92b0-0610-48ba-9ff8-55c13e98364b","name":"Antimony-124","version":"00.00.000","category":{"@type":"Category","@id":"ac947fa6-2257-3eb0-9962-7ee8c2f051bd","name":"surface water","categoryPath":["Elementary flows","Emission to water"],"categoryType":"Flow"},"flowType":"ELEMENTARY_FLOW","cas":"014683-10-4","formula":"Sb-124","infrastructureFlow":false,"flowProperties":[{"@type":"FlowPropertyFactor","referenceFlowProperty":true,"flowProperty":{"@type":"FlowProperty","@id":"93a60a56-a3c8-17da-a746-0800200c9a66","name":"Radioactivity","categoryPath":["Technical flow properties"]},"conversionFactor":1.0}]}