{"@context":"http://greendelta.github.io/olca-schema/context.jsonld","@type":"Flow","@id":"08f3db43-3185-4d9d-846a-404e27928eaf","name":"Metalaxil","version":"00.00.000","category":{"@type":"Category","@id":"38e33019-f897-3977-be83-953478aa1db1","name":"agricultural","categoryPath":["Elementary flows","Emission to soil"],"categoryType":"Flow"},"flowType":"ELEMENTARY_FLOW","cas":"057837-19-1","formula":"C15H21NO4","infrastructureFlow":false,"flowProperties":[{"@type":"FlowPropertyFactor","referenceFlowProperty":true,"flowProperty":{"@type":"FlowProperty","@id":"93a60a56-a3c8-11da-a746-0800200b9a66","name":"Mass","categoryPath":["Technical flow properties"]},"conversionFactor":1.0}]}