{"@context":"http://greendelta.github.io/olca-schema/context.jsonld","@type":"Flow","@id":"14de323f-9e2d-4beb-b28e-6b93bae98da8","name":"Transformation, to inland waterbody, unspecified","description":"EcoSpold 2 elementary exchange, ID \u003d 14de323f-9e2d-4beb-b28e-6b93bae98da8","version":"00.00.000","category":{"@type":"Category","@id":"5872f1f0-02f0-3c23-89c2-2f7dc77e3031","name":"land","categoryPath":["Elementary flows","Resource"],"categoryType":"Flow"},"flowType":"ELEMENTARY_FLOW","infrastructureFlow":false,"flowProperties":[{"@type":"FlowPropertyFactor","referenceFlowProperty":true,"flowProperty":{"@type":"FlowProperty","@id":"93a60a56-a3c8-19da-a746-0800200c9a66","name":"Area","categoryPath":["Technical flow properties"]},"conversionFactor":1.0}]}