{"@context":"http://greendelta.github.io/olca-schema/context.jsonld","@type":"Flow","@id":"17a7db69-d874-4ecd-af5d-48c98def445f","name":"Barite","version":"00.00.000","category":{"@type":"Category","@id":"fab13f44-02b6-39d4-b75b-1fef2146c199","name":"unspecified","categoryPath":["Elementary flows","Emission to water"],"categoryType":"Flow"},"flowType":"ELEMENTARY_FLOW","cas":"007727-43-7","formula":"BaSO4","infrastructureFlow":false,"flowProperties":[{"@type":"FlowPropertyFactor","referenceFlowProperty":true,"flowProperty":{"@type":"FlowProperty","@id":"93a60a56-a3c8-11da-a746-0800200b9a66","name":"Mass","categoryPath":["Technical flow properties"]},"conversionFactor":1.0}]}