{"@context":"http://greendelta.github.io/olca-schema/context.jsonld","@type":"Flow","@id":"1c02cff4-e852-489b-893c-d3ed30eb8ca5","name":"Radium-226","version":"00.00.000","category":{"@type":"Category","@id":"148f2fea-51d6-3300-89e9-98d4bfad0b18","name":"high population density","categoryPath":["Elementary flows","Emission to air"],"categoryType":"Flow"},"flowType":"ELEMENTARY_FLOW","cas":"013982-63-3","formula":"Ra-226","infrastructureFlow":false,"flowProperties":[{"@type":"FlowPropertyFactor","referenceFlowProperty":true,"flowProperty":{"@type":"FlowProperty","@id":"93a60a56-a3c8-17da-a746-0800200c9a66","name":"Radioactivity","categoryPath":["Technical flow properties"]},"conversionFactor":1.0}]}