{"@context":"http://greendelta.github.io/olca-schema/context.jsonld","@type":"Flow","@id":"23a4dfc7-c82e-4425-abf6-0195f78f3363","name":"Dibenz(a,h)anthracene","description":"EcoSpold 2 elementary exchange, ID \u003d 23a4dfc7-c82e-4425-abf6-0195f78f3363","version":"00.00.000","category":{"@type":"Category","@id":"5ee13ccb-a299-3d36-8d7e-be8281e8891a","name":"unspecified","categoryPath":["Elementary flows","Emission to air"],"categoryType":"Flow"},"flowType":"ELEMENTARY_FLOW","infrastructureFlow":false,"flowProperties":[{"@type":"FlowPropertyFactor","referenceFlowProperty":true,"flowProperty":{"@type":"FlowProperty","@id":"93a60a56-a3c8-11da-a746-0800200b9a66","name":"Mass","categoryPath":["Technical flow properties"]},"conversionFactor":1.0}]}