{"@context":"http://greendelta.github.io/olca-schema/context.jsonld","@type":"Flow","@id":"31eacbfc-683a-4d36-afc1-80dee42a3b94","name":"Sulfate","version":"00.00.000","category":{"@type":"Category","@id":"fcdb9418-2c9b-3a06-9b46-b280afc50970","name":"ground water","categoryPath":["Elementary flows","Emission to water"],"categoryType":"Flow"},"flowType":"ELEMENTARY_FLOW","cas":"014808-79-8","formula":"SO4 --","infrastructureFlow":false,"flowProperties":[{"@type":"FlowPropertyFactor","referenceFlowProperty":true,"flowProperty":{"@type":"FlowProperty","@id":"93a60a56-a3c8-11da-a746-0800200b9a66","name":"Mass","categoryPath":["Technical flow properties"]},"conversionFactor":1.0}]}