{"@context":"http://greendelta.github.io/olca-schema/context.jsonld","@type":"Flow","@id":"3a91cb7d-843b-495d-9973-33ba5efee877","name":"inert waste","description":"EcoSpold 2 intermediate exchange, ID \u003d 3a91cb7d-843b-495d-9973-33ba5efee877","version":"00.00.003","lastChange":"2021-11-11T10:24:15.673-07:00","category":{"@type":"Category","@id":"cd6e75d7-898c-38d5-bc5d-352355b432be","name":"2394:Manufacture of cement, lime and plaster","categoryPath":["C:Manufacturing","23:Manufacture of other non-metallic mineral products","239:Manufacture of non-metallic mineral products n.e.c."],"categoryType":"Flow"},"flowType":"WASTE_FLOW","infrastructureFlow":false,"flowProperties":[{"@type":"FlowPropertyFactor","referenceFlowProperty":true,"flowProperty":{"@type":"FlowProperty","@id":"93a60a56-a3c8-11da-a746-0800200b9a66","name":"Mass","categoryPath":["Technical flow properties"]},"conversionFactor":1.0}]}