{"@context":"http://greendelta.github.io/olca-schema/context.jsonld","@type":"Flow","@id":"45d6f26b-596b-5182-8c08-d6d975ff4efe","name":"Bromine, in water","description":"EcoSpold 2 elementary exchange, ID \u003d 45d6f26b-596b-5182-8c08-d6d975ff4efe","version":"00.00.000","category":{"@type":"Category","@id":"2f6ee760-b128-3a3f-8214-8304dedcd384","name":"in water","categoryPath":["Elementary flows","Resource"],"categoryType":"Flow"},"flowType":"ELEMENTARY_FLOW","infrastructureFlow":false,"flowProperties":[{"@type":"FlowPropertyFactor","referenceFlowProperty":true,"flowProperty":{"@type":"FlowProperty","@id":"93a60a56-a3c8-11da-a746-0800200b9a66","name":"Mass","categoryPath":["Technical flow properties"]},"conversionFactor":1.0}]}