{"@context":"http://greendelta.github.io/olca-schema/context.jsonld","@type":"Flow","@id":"4f0f15b3-b227-4cdc-b0b3-6412d55695d5","name":"Water","description":"EcoSpold 2 elementary exchange, ID \u003d 4f0f15b3-b227-4cdc-b0b3-6412d55695d5","version":"00.00.000","category":{"@type":"Category","@id":"bcf882d6-0577-3737-861a-539dae490716","name":"ocean","categoryPath":["Elementary flows","Emission to water"],"categoryType":"Flow"},"flowType":"ELEMENTARY_FLOW","infrastructureFlow":false,"flowProperties":[{"@type":"FlowPropertyFactor","referenceFlowProperty":true,"flowProperty":{"@type":"FlowProperty","@id":"93a60a56-a3c8-22da-a746-0800200c9a66","name":"Volume","categoryPath":["Technical flow properties"]},"conversionFactor":1.0}]}