{"@context":"http://greendelta.github.io/olca-schema/context.jsonld","@type":"Flow","@id":"53b9f77b-7336-5c15-9e01-62a25d3e3d75","name":"Phosgene","description":"EcoSpold 2 elementary exchange, ID \u003d 53b9f77b-7336-5c15-9e01-62a25d3e3d75","version":"00.00.000","category":{"@type":"Category","@id":"5ee13ccb-a299-3d36-8d7e-be8281e8891a","name":"unspecified","categoryPath":["Elementary flows","Emission to air"],"categoryType":"Flow"},"flowType":"ELEMENTARY_FLOW","infrastructureFlow":false,"flowProperties":[{"@type":"FlowPropertyFactor","referenceFlowProperty":true,"flowProperty":{"@type":"FlowProperty","@id":"93a60a56-a3c8-11da-a746-0800200b9a66","name":"Mass","categoryPath":["Technical flow properties"]},"conversionFactor":1.0}]}