{"@context":"http://greendelta.github.io/olca-schema/context.jsonld","@type":"Flow","@id":"5719929a-8c5b-48cc-a039-b11a9f380467","name":"Barium","version":"00.00.000","category":{"@type":"Category","@id":"14925643-01de-3292-b352-1baac77f1b0c","name":"industrial","categoryPath":["Elementary flows","Emission to soil"],"categoryType":"Flow"},"flowType":"ELEMENTARY_FLOW","cas":"007440-39-3","formula":"Ba","infrastructureFlow":false,"flowProperties":[{"@type":"FlowPropertyFactor","referenceFlowProperty":true,"flowProperty":{"@type":"FlowProperty","@id":"93a60a56-a3c8-11da-a746-0800200b9a66","name":"Mass","categoryPath":["Technical flow properties"]},"conversionFactor":1.0}]}