{"@context":"http://greendelta.github.io/olca-schema/context.jsonld","@type":"Flow","@id":"57af157e-2054-407d-949b-8cc9c2aa4655","name":"Elemental carbon","description":"EcoSpold 2 elementary exchange, ID \u003d 57af157e-2054-407d-949b-8cc9c2aa4655","version":"00.00.000","category":{"@type":"Category","@id":"148f2fea-51d6-3300-89e9-98d4bfad0b18","name":"high population density","categoryPath":["Elementary flows","Emission to air"],"categoryType":"Flow"},"flowType":"ELEMENTARY_FLOW","infrastructureFlow":false,"flowProperties":[{"@type":"FlowPropertyFactor","referenceFlowProperty":true,"flowProperty":{"@type":"FlowProperty","@id":"93a60a56-a3c8-11da-a746-0800200b9a66","name":"Mass","categoryPath":["Technical flow properties"]},"conversionFactor":1.0}]}