{"@context":"http://greendelta.github.io/olca-schema/context.jsonld","@type":"Flow","@id":"57c71b25-4663-4fad-9167-7ce5be3e8268","name":"Energy, kinetic (in wind), converted","version":"00.00.000","category":{"@type":"Category","@id":"09baa6ab-34af-3bd6-b0ba-d833a2e2fabc","name":"in air","categoryPath":["Elementary flows","Resource"],"categoryType":"Flow"},"flowType":"ELEMENTARY_FLOW","infrastructureFlow":false,"flowProperties":[{"@type":"FlowPropertyFactor","referenceFlowProperty":true,"flowProperty":{"@type":"FlowProperty","@id":"f6811440-ee37-11de-8a39-0800200c9a66","name":"Energy","categoryPath":["Technical flow properties"]},"conversionFactor":1.0}]}