{"@context":"http://greendelta.github.io/olca-schema/context.jsonld","@type":"Flow","@id":"591b0a62-8064-4697-86ed-47bfa1f8b5e6","name":"Vanadium","version":"00.00.000","category":{"@type":"Category","@id":"5ee13ccb-a299-3d36-8d7e-be8281e8891a","name":"unspecified","categoryPath":["Elementary flows","Emission to air"],"categoryType":"Flow"},"flowType":"ELEMENTARY_FLOW","cas":"007440-62-2","formula":"V","infrastructureFlow":false,"flowProperties":[{"@type":"FlowPropertyFactor","referenceFlowProperty":true,"flowProperty":{"@type":"FlowProperty","@id":"93a60a56-a3c8-11da-a746-0800200b9a66","name":"Mass","categoryPath":["Technical flow properties"]},"conversionFactor":1.0}]}