{"@context":"http://greendelta.github.io/olca-schema/context.jsonld","@type":"Flow","@id":"6248aeed-1ce1-49ee-be1c-3471ebf0a82e","name":"Mesosulfuron-methyl (prop)","version":"00.00.000","category":{"@type":"Category","@id":"38e33019-f897-3977-be83-953478aa1db1","name":"agricultural","categoryPath":["Elementary flows","Emission to soil"],"categoryType":"Flow"},"flowType":"ELEMENTARY_FLOW","cas":"208465-21-8","formula":"C17H21N5O9S2","infrastructureFlow":false,"flowProperties":[{"@type":"FlowPropertyFactor","referenceFlowProperty":true,"flowProperty":{"@type":"FlowProperty","@id":"93a60a56-a3c8-11da-a746-0800200b9a66","name":"Mass","categoryPath":["Technical flow properties"]},"conversionFactor":1.0}]}