{"@context":"http://greendelta.github.io/olca-schema/context.jsonld","@type":"Flow","@id":"67799e83-54c8-4c89-90dc-1a7fa7780d2b","name":"Hydrocarbons, aromatic","version":"00.00.000","category":{"@type":"Category","@id":"bcf882d6-0577-3737-861a-539dae490716","name":"ocean","categoryPath":["Elementary flows","Emission to water"],"categoryType":"Flow"},"flowType":"ELEMENTARY_FLOW","infrastructureFlow":false,"flowProperties":[{"@type":"FlowPropertyFactor","referenceFlowProperty":true,"flowProperty":{"@type":"FlowProperty","@id":"93a60a56-a3c8-11da-a746-0800200b9a66","name":"Mass","categoryPath":["Technical flow properties"]},"conversionFactor":1.0}]}