{"@context":"http://greendelta.github.io/olca-schema/context.jsonld","@type":"Flow","@id":"70aa745b-8bc5-4433-b2f5-d1da652ba166","name":"Occupation, urban/industrial fallow (non-use)","description":"EcoSpold 2 elementary exchange, ID \u003d 70aa745b-8bc5-4433-b2f5-d1da652ba166","version":"00.00.000","category":{"@type":"Category","@id":"5872f1f0-02f0-3c23-89c2-2f7dc77e3031","name":"land","categoryPath":["Elementary flows","Resource"],"categoryType":"Flow"},"flowType":"ELEMENTARY_FLOW","infrastructureFlow":false,"flowProperties":[{"@type":"FlowPropertyFactor","referenceFlowProperty":true,"flowProperty":{"@type":"FlowProperty","@id":"93a60a56-a3c8-21da-a746-0800200c9a66","name":"Area*time","categoryPath":["Technical flow properties"]},"conversionFactor":1.0}]}