{"@context":"http://greendelta.github.io/olca-schema/context.jsonld","@type":"Flow","@id":"85365e41-8102-4f9b-afb7-d7d7e6e07249","name":"Lead-210","version":"00.00.000","category":{"@type":"Category","@id":"fcdb9418-2c9b-3a06-9b46-b280afc50970","name":"ground water","categoryPath":["Elementary flows","Emission to water"],"categoryType":"Flow"},"flowType":"ELEMENTARY_FLOW","cas":"014255-04-0","formula":"Pb-210","infrastructureFlow":false,"flowProperties":[{"@type":"FlowPropertyFactor","referenceFlowProperty":true,"flowProperty":{"@type":"FlowProperty","@id":"93a60a56-a3c8-17da-a746-0800200c9a66","name":"Radioactivity","categoryPath":["Technical flow properties"]},"conversionFactor":1.0}]}