{"@context":"http://greendelta.github.io/olca-schema/context.jsonld","@type":"Flow","@id":"8892f038-c4cf-4166-adeb-df61c4e32af0","name":"Diphenyltin","description":"EcoSpold 2 elementary exchange, ID \u003d 8892f038-c4cf-4166-adeb-df61c4e32af0","version":"00.00.000","category":{"@type":"Category","@id":"bcf882d6-0577-3737-861a-539dae490716","name":"ocean","categoryPath":["Elementary flows","Emission to water"],"categoryType":"Flow"},"flowType":"ELEMENTARY_FLOW","infrastructureFlow":false,"flowProperties":[{"@type":"FlowPropertyFactor","referenceFlowProperty":true,"flowProperty":{"@type":"FlowProperty","@id":"93a60a56-a3c8-11da-a746-0800200b9a66","name":"Mass","categoryPath":["Technical flow properties"]},"conversionFactor":1.0}]}