{"@context":"http://greendelta.github.io/olca-schema/context.jsonld","@type":"Flow","@id":"9a366c85-61a0-48bd-8af0-a2a96b327bc1","name":"Methane, tetrachloro-, R-10","version":"00.00.000","category":{"@type":"Category","@id":"fab13f44-02b6-39d4-b75b-1fef2146c199","name":"unspecified","categoryPath":["Elementary flows","Emission to water"],"categoryType":"Flow"},"flowType":"ELEMENTARY_FLOW","cas":"000056-23-5","formula":"CCl4","infrastructureFlow":false,"flowProperties":[{"@type":"FlowPropertyFactor","referenceFlowProperty":true,"flowProperty":{"@type":"FlowProperty","@id":"93a60a56-a3c8-11da-a746-0800200b9a66","name":"Mass","categoryPath":["Technical flow properties"]},"conversionFactor":1.0}]}