{"@context":"http://greendelta.github.io/olca-schema/context.jsonld","@type":"Flow","@id":"9a9d71c7-79f7-42d0-af47-282d22a7cf07","name":"Volume occupied, reservoir","version":"00.00.000","category":{"@type":"Category","@id":"2f6ee760-b128-3a3f-8214-8304dedcd384","name":"in water","categoryPath":["Elementary flows","Resource"],"categoryType":"Flow"},"flowType":"ELEMENTARY_FLOW","infrastructureFlow":false,"flowProperties":[{"@type":"FlowPropertyFactor","referenceFlowProperty":true,"flowProperty":{"@type":"FlowProperty","@id":"441238a3-ba09-46ec-b35b-c30cfba746d1","name":"Volume*time","categoryPath":["Technical flow properties"]},"conversionFactor":1.0}]}