{"@context":"http://greendelta.github.io/olca-schema/context.jsonld","@type":"Flow","@id":"a45cd247-3532-4e27-bddc-b519fdb5e08f","name":"Aluminium, in ground","description":"EcoSpold 2 elementary exchange, ID \u003d a45cd247-3532-4e27-bddc-b519fdb5e08f","version":"00.00.000","category":{"@type":"Category","@id":"8e6ddbf4-dcee-31e2-acd1-1f1c2694a66d","name":"in ground","categoryPath":["Elementary flows","Resource"],"categoryType":"Flow"},"flowType":"ELEMENTARY_FLOW","infrastructureFlow":false,"flowProperties":[{"@type":"FlowPropertyFactor","referenceFlowProperty":true,"flowProperty":{"@type":"FlowProperty","@id":"93a60a56-a3c8-11da-a746-0800200b9a66","name":"Mass","categoryPath":["Technical flow properties"]},"conversionFactor":1.0}]}