{"@context":"http://greendelta.github.io/olca-schema/context.jsonld","@type":"Flow","@id":"a487b7db-318a-46ff-8e52-2837fab777ad","name":"Transformation, to permanent crop, fruit","version":"00.00.000","category":{"@type":"Category","@id":"5872f1f0-02f0-3c23-89c2-2f7dc77e3031","name":"land","categoryPath":["Elementary flows","Resource"],"categoryType":"Flow"},"flowType":"ELEMENTARY_FLOW","formula":"CORINE 222a","infrastructureFlow":false,"flowProperties":[{"@type":"FlowPropertyFactor","referenceFlowProperty":true,"flowProperty":{"@type":"FlowProperty","@id":"93a60a56-a3c8-19da-a746-0800200c9a66","name":"Area","categoryPath":["Technical flow properties"]},"conversionFactor":1.0}]}