{"@context":"http://greendelta.github.io/olca-schema/context.jsonld","@type":"Flow","@id":"a73ffbcf-6f62-5acd-b7b8-b91a45120152","name":"Diafenthiuron","description":"EcoSpold 2 elementary exchange, ID \u003d a73ffbcf-6f62-5acd-b7b8-b91a45120152","version":"00.00.000","category":{"@type":"Category","@id":"38e33019-f897-3977-be83-953478aa1db1","name":"agricultural","categoryPath":["Elementary flows","Emission to soil"],"categoryType":"Flow"},"flowType":"ELEMENTARY_FLOW","infrastructureFlow":false,"flowProperties":[{"@type":"FlowPropertyFactor","referenceFlowProperty":true,"flowProperty":{"@type":"FlowProperty","@id":"93a60a56-a3c8-11da-a746-0800200b9a66","name":"Mass","categoryPath":["Technical flow properties"]},"conversionFactor":1.0}]}