{"@context":"http://greendelta.github.io/olca-schema/context.jsonld","@type":"Flow","@id":"ad5a58d5-6ccd-4693-96f4-e56554a81269","name":"Triphenyltin","description":"EcoSpold 2 elementary exchange, ID \u003d ad5a58d5-6ccd-4693-96f4-e56554a81269","version":"00.00.000","category":{"@type":"Category","@id":"bcf882d6-0577-3737-861a-539dae490716","name":"ocean","categoryPath":["Elementary flows","Emission to water"],"categoryType":"Flow"},"flowType":"ELEMENTARY_FLOW","infrastructureFlow":false,"flowProperties":[{"@type":"FlowPropertyFactor","referenceFlowProperty":true,"flowProperty":{"@type":"FlowProperty","@id":"93a60a56-a3c8-11da-a746-0800200b9a66","name":"Mass","categoryPath":["Technical flow properties"]},"conversionFactor":1.0}]}