{"@context":"http://greendelta.github.io/olca-schema/context.jsonld","@type":"Flow","@id":"af99ce19-4a31-4c6f-b050-491e2b6f1ad1","name":"Cerium-141","version":"00.00.000","category":{"@type":"Category","@id":"ac947fa6-2257-3eb0-9962-7ee8c2f051bd","name":"surface water","categoryPath":["Elementary flows","Emission to water"],"categoryType":"Flow"},"flowType":"ELEMENTARY_FLOW","cas":"013967-74-3","formula":"Ce-141","infrastructureFlow":false,"flowProperties":[{"@type":"FlowPropertyFactor","referenceFlowProperty":true,"flowProperty":{"@type":"FlowProperty","@id":"93a60a56-a3c8-17da-a746-0800200c9a66","name":"Radioactivity","categoryPath":["Technical flow properties"]},"conversionFactor":1.0}]}