{"@context":"http://greendelta.github.io/olca-schema/context.jsonld","@type":"Flow","@id":"b93fc4df-91b2-4ac4-a315-89147515ddfb","name":"Potassium, ion","version":"00.00.000","category":{"@type":"Category","@id":"e3804097-c37d-3ae2-9b0b-a4acc407e6e2","name":"ground water, long-term","categoryPath":["Elementary flows","Emission to water"],"categoryType":"Flow"},"flowType":"ELEMENTARY_FLOW","cas":"024203-36-9","formula":"K+","infrastructureFlow":false,"flowProperties":[{"@type":"FlowPropertyFactor","referenceFlowProperty":true,"flowProperty":{"@type":"FlowProperty","@id":"93a60a56-a3c8-11da-a746-0800200b9a66","name":"Mass","categoryPath":["Technical flow properties"]},"conversionFactor":1.0}]}