{"@context":"http://greendelta.github.io/olca-schema/context.jsonld","@type":"Flow","@id":"bae57811-0343-41be-97cf-2c74279dd638","name":"Thorium-228","version":"00.00.000","category":{"@type":"Category","@id":"52d41f57-0e7d-35cf-b4ea-7c9d6c2f9c28","name":"low population density","categoryPath":["Elementary flows","Emission to air"],"categoryType":"Flow"},"flowType":"ELEMENTARY_FLOW","cas":"014274-82-9","formula":"Th-228","infrastructureFlow":false,"flowProperties":[{"@type":"FlowPropertyFactor","referenceFlowProperty":true,"flowProperty":{"@type":"FlowProperty","@id":"93a60a56-a3c8-17da-a746-0800200c9a66","name":"Radioactivity","categoryPath":["Technical flow properties"]},"conversionFactor":1.0}]}