{"@context":"http://greendelta.github.io/olca-schema/context.jsonld","@type":"Flow","@id":"bc97531c-12d8-4113-bcb2-663a47d12d0f","name":"Talc","version":"00.00.000","category":{"@type":"Category","@id":"8e6ddbf4-dcee-31e2-acd1-1f1c2694a66d","name":"in ground","categoryPath":["Elementary flows","Resource"],"categoryType":"Flow"},"flowType":"ELEMENTARY_FLOW","cas":"014807-96-6","formula":"Mg3H2(SiO3)4","infrastructureFlow":false,"flowProperties":[{"@type":"FlowPropertyFactor","referenceFlowProperty":true,"flowProperty":{"@type":"FlowProperty","@id":"93a60a56-a3c8-11da-a746-0800200b9a66","name":"Mass","categoryPath":["Technical flow properties"]},"conversionFactor":1.0}]}