{"@context":"http://greendelta.github.io/olca-schema/context.jsonld","@type":"Flow","@id":"ca53777e-d36e-4db0-95ce-009f1d8593b8","name":"Solids, inorganic","version":"00.00.000","category":{"@type":"Category","@id":"fcdb9418-2c9b-3a06-9b46-b280afc50970","name":"ground water","categoryPath":["Elementary flows","Emission to water"],"categoryType":"Flow"},"flowType":"ELEMENTARY_FLOW","infrastructureFlow":false,"flowProperties":[{"@type":"FlowPropertyFactor","referenceFlowProperty":true,"flowProperty":{"@type":"FlowProperty","@id":"93a60a56-a3c8-11da-a746-0800200b9a66","name":"Mass","categoryPath":["Technical flow properties"]},"conversionFactor":1.0}]}