{"@context":"http://greendelta.github.io/olca-schema/context.jsonld","@type":"Flow","@id":"caeb15fa-9711-4d37-99a2-d12c7823b8bc","name":"2-Propanol","version":"00.00.000","category":{"@type":"Category","@id":"ac947fa6-2257-3eb0-9962-7ee8c2f051bd","name":"surface water","categoryPath":["Elementary flows","Emission to water"],"categoryType":"Flow"},"flowType":"ELEMENTARY_FLOW","cas":"000067-63-0","formula":"C3H8O","infrastructureFlow":false,"flowProperties":[{"@type":"FlowPropertyFactor","referenceFlowProperty":true,"flowProperty":{"@type":"FlowProperty","@id":"93a60a56-a3c8-11da-a746-0800200b9a66","name":"Mass","categoryPath":["Technical flow properties"]},"conversionFactor":1.0}]}