{"@context":"http://greendelta.github.io/olca-schema/context.jsonld","@type":"Flow","@id":"d22719d0-8afd-45d3-b9eb-222112f84cc7","name":"Fish, pelagic, in ocean","description":"EcoSpold 2 elementary exchange, ID \u003d d22719d0-8afd-45d3-b9eb-222112f84cc7","version":"00.00.000","category":{"@type":"Category","@id":"65ded412-23ae-3564-8b52-c2b8dd30d813","name":"biotic","categoryPath":["Elementary flows","Resource"],"categoryType":"Flow"},"flowType":"ELEMENTARY_FLOW","infrastructureFlow":false,"flowProperties":[{"@type":"FlowPropertyFactor","referenceFlowProperty":true,"flowProperty":{"@type":"FlowProperty","@id":"93a60a56-a3c8-11da-a746-0800200b9a66","name":"Mass","categoryPath":["Technical flow properties"]},"conversionFactor":1.0}]}