{"@context":"http://greendelta.github.io/olca-schema/context.jsonld","@type":"Flow","@id":"dab33577-e9d4-4f6d-b141-a456521d4c1b","name":"Heat, waste","version":"00.00.000","category":{"@type":"Category","@id":"14925643-01de-3292-b352-1baac77f1b0c","name":"industrial","categoryPath":["Elementary flows","Emission to soil"],"categoryType":"Flow"},"flowType":"ELEMENTARY_FLOW","infrastructureFlow":false,"flowProperties":[{"@type":"FlowPropertyFactor","referenceFlowProperty":true,"flowProperty":{"@type":"FlowProperty","@id":"f6811440-ee37-11de-8a39-0800200c9a66","name":"Energy","categoryPath":["Technical flow properties"]},"conversionFactor":1.0}]}