{"@context":"http://greendelta.github.io/olca-schema/context.jsonld","@type":"Flow","@id":"e3043a7f-5347-4c7b-89ee-93f11b2f6d9b","name":"Iron","description":"EcoSpold 2 elementary exchange, ID \u003d e3043a7f-5347-4c7b-89ee-93f11b2f6d9b","version":"00.00.000","category":{"@type":"Category","@id":"fcdb9418-2c9b-3a06-9b46-b280afc50970","name":"ground water","categoryPath":["Elementary flows","Emission to water"],"categoryType":"Flow"},"flowType":"ELEMENTARY_FLOW","infrastructureFlow":false,"flowProperties":[{"@type":"FlowPropertyFactor","referenceFlowProperty":true,"flowProperty":{"@type":"FlowProperty","@id":"93a60a56-a3c8-11da-a746-0800200b9a66","name":"Mass","categoryPath":["Technical flow properties"]},"conversionFactor":1.0}]}