{"@context":"http://greendelta.github.io/olca-schema/context.jsonld","@type":"Flow","@id":"e373f7b4-42e9-4cc7-a73c-f87bec88008b","name":"Potassium, in ground","description":"EcoSpold 2 elementary exchange, ID \u003d e373f7b4-42e9-4cc7-a73c-f87bec88008b","version":"00.00.000","category":{"@type":"Category","@id":"8e6ddbf4-dcee-31e2-acd1-1f1c2694a66d","name":"in ground","categoryPath":["Elementary flows","Resource"],"categoryType":"Flow"},"flowType":"ELEMENTARY_FLOW","infrastructureFlow":false,"flowProperties":[{"@type":"FlowPropertyFactor","referenceFlowProperty":true,"flowProperty":{"@type":"FlowProperty","@id":"93a60a56-a3c8-11da-a746-0800200b9a66","name":"Mass","categoryPath":["Technical flow properties"]},"conversionFactor":1.0}]}