{"@context":"http://greendelta.github.io/olca-schema/context.jsonld","@type":"Flow","@id":"f14b59ff-d438-442d-8bad-b53694b8263a","name":"Water","description":"EcoSpold 2 elementary exchange, ID \u003d f14b59ff-d438-442d-8bad-b53694b8263a","version":"00.00.000","category":{"@type":"Category","@id":"038095b2-75fe-33b1-aa7f-5d74b7bb38fa","name":"lower stratosphere + upper troposphere","categoryPath":["Elementary flows","Emission to air"],"categoryType":"Flow"},"flowType":"ELEMENTARY_FLOW","infrastructureFlow":false,"flowProperties":[{"@type":"FlowPropertyFactor","referenceFlowProperty":true,"flowProperty":{"@type":"FlowProperty","@id":"93a60a56-a3c8-22da-a746-0800200c9a66","name":"Volume","categoryPath":["Technical flow properties"]},"conversionFactor":1.0}]}