{"@context":"http://greendelta.github.io/olca-schema/context.jsonld","@type":"Flow","@id":"f7340d88-d66b-45c8-89af-251646b2c12e","name":"Spinosad","version":"00.00.000","category":{"@type":"Category","@id":"38e33019-f897-3977-be83-953478aa1db1","name":"agricultural","categoryPath":["Elementary flows","Emission to soil"],"categoryType":"Flow"},"flowType":"ELEMENTARY_FLOW","cas":"168316-95-8","formula":"C41H65NO10 + C42H67NO10","infrastructureFlow":false,"flowProperties":[{"@type":"FlowPropertyFactor","referenceFlowProperty":true,"flowProperty":{"@type":"FlowProperty","@id":"93a60a56-a3c8-11da-a746-0800200b9a66","name":"Mass","categoryPath":["Technical flow properties"]},"conversionFactor":1.0}]}