{"@context":"http://greendelta.github.io/olca-schema/context.jsonld","@type":"Flow","@id":"f77c5e36-ee47-4437-b757-03139bb1d6d6","name":"Dioxins, measured as 2,3,7,8-tetrachlorodibenzo-p-dioxin","version":"00.00.000","category":{"@type":"Category","@id":"52d41f57-0e7d-35cf-b4ea-7c9d6c2f9c28","name":"low population density","categoryPath":["Elementary flows","Emission to air"],"categoryType":"Flow"},"flowType":"ELEMENTARY_FLOW","cas":"001746-01-6","infrastructureFlow":false,"flowProperties":[{"@type":"FlowPropertyFactor","referenceFlowProperty":true,"flowProperty":{"@type":"FlowProperty","@id":"93a60a56-a3c8-11da-a746-0800200b9a66","name":"Mass","categoryPath":["Technical flow properties"]},"conversionFactor":1.0}]}