{"@context":"http://greendelta.github.io/olca-schema/context.jsonld","@type":"Flow","@id":"fc840c3f-dbcd-4175-9bc2-7fba64501e39","name":"Anthracene","description":"EcoSpold 2 elementary exchange, ID \u003d fc840c3f-dbcd-4175-9bc2-7fba64501e39","version":"00.00.000","category":{"@type":"Category","@id":"5ee13ccb-a299-3d36-8d7e-be8281e8891a","name":"unspecified","categoryPath":["Elementary flows","Emission to air"],"categoryType":"Flow"},"flowType":"ELEMENTARY_FLOW","infrastructureFlow":false,"flowProperties":[{"@type":"FlowPropertyFactor","referenceFlowProperty":true,"flowProperty":{"@type":"FlowProperty","@id":"93a60a56-a3c8-11da-a746-0800200b9a66","name":"Mass","categoryPath":["Technical flow properties"]},"conversionFactor":1.0}]}