{"@context":"http://greendelta.github.io/olca-schema/context.jsonld","@type":"Flow","@id":"fd9e2be1-a651-4c40-b0bb-e7daa4f56ad4","name":"Chloropicrin","description":"EcoSpold 2 elementary exchange, ID \u003d fd9e2be1-a651-4c40-b0bb-e7daa4f56ad4","version":"00.00.000","category":{"@type":"Category","@id":"38e33019-f897-3977-be83-953478aa1db1","name":"agricultural","categoryPath":["Elementary flows","Emission to soil"],"categoryType":"Flow"},"flowType":"ELEMENTARY_FLOW","infrastructureFlow":false,"flowProperties":[{"@type":"FlowPropertyFactor","referenceFlowProperty":true,"flowProperty":{"@type":"FlowProperty","@id":"93a60a56-a3c8-11da-a746-0800200b9a66","name":"Mass","categoryPath":["Technical flow properties"]},"conversionFactor":1.0}]}