{"@context":"http://greendelta.github.io/olca-schema/context.jsonld","@type":"Flow","@id":"ff6dccc1-5ebd-42c3-9fd9-3d73db7a3dd2","name":"Transformation, to forest, secondary (non-use)","description":"EcoSpold 2 elementary exchange, ID \u003d ff6dccc1-5ebd-42c3-9fd9-3d73db7a3dd2","version":"00.00.000","category":{"@type":"Category","@id":"5872f1f0-02f0-3c23-89c2-2f7dc77e3031","name":"land","categoryPath":["Elementary flows","Resource"],"categoryType":"Flow"},"flowType":"ELEMENTARY_FLOW","infrastructureFlow":false,"flowProperties":[{"@type":"FlowPropertyFactor","referenceFlowProperty":true,"flowProperty":{"@type":"FlowProperty","@id":"93a60a56-a3c8-19da-a746-0800200c9a66","name":"Area","categoryPath":["Technical flow properties"]},"conversionFactor":1.0}]}